Workbook
Name СписокМенеджеров: OFFSET(Списки!$A$2,0,0,COUNTA(Списки!$A$2:$A$30),1)

Sheet Журнал
A1: Учет активности менеджеров
A2: Менеджер — выпадающий список: Гурков или Юнусова. Новую фамилию сначала добавьте на лист «Списки». Эфирное время — в минутах, целое число: 45 это 45 минут. Подготовлено 120 строк; новую строку вставляйте между заполненными, чтобы сохранились список и оформление. Красным подсвечивается ячейка, если успешных звонков больше, чем всех звонков, проведённых встреч больше назначенных или оплаченных счетов больше выставленных.
A4: Менеджер | B4: Дата | C4: Количество звонков | D4: Количество успешных звонков | E4: Эфирное время, мин | F4: Назначено встреч | G4: Проведено встреч | H4: Получено отказов | I4: Получено согласий на следующий шаг | J4: Выставленных счетов | K4: Оплаченных счетов

Sheet Итоги
A1: Итоги по менеджерам
A2: Считается по листу «Журнал». Доля успешных — успешные звонки от всех звонков. Доля проведённых — проведённые встречи от назначенных. Доля оплаченных — оплаченные счета от выставленных. Эфирное время суммируется в минутах. Строка «Итого по журналу» включает все записи, в том числе с фамилией не из списка.
A4: Менеджер | B4: Записей | C4: Количество звонков | D4: Количество успешных звонков | E4: Доля успешных | F4: Эфирное время, мин | G4: Назначено встреч | H4: Проведено встреч | I4: Доля проведённых | J4: Получено отказов | K4: Получено согласий на следующий шаг | L4: Выставленных счетов | M4: Оплаченных счетов | N4: Доля оплаченных
A5: =IF(Списки!A2="","",Списки!A2) | B5: =IF(OR(A5="",COUNTIF(Журнал!$A$5:$A$124,A5)=0),"",COUNTIF(Журнал!$A$5:$A$124,A5)) | C5: =IF(OR(A5="",B5=0),"",SUMIF(Журнал!$A$5:$A$124,A5,Журнал!$C$5:$C$124)) | D5: =IF(OR(A5="",B5=0),"",SUMIF(Журнал!$A$5:$A$124,A5,Журнал!$D$5:$D$124)) | E5: =IF(OR(A5="",C5="",C5=0),"",D5/C5) | F5: =IF(OR(A5="",B5=0),"",SUMIF(Журнал!$A$5:$A$124,A5,Журнал!$E$5:$E$124)) | G5: =IF(OR(A5="",B5=0),"",SUMIF(Журнал!$A$5:$A$124,A5,Журнал!$F$5:$F$124)) | H5: =IF(OR(A5="",B5=0),"",SUMIF(Журнал!$A$5:$A$124,A5,Журнал!$G$5:$G$124)) | I5: =IF(OR(A5="",G5="",G5=0),"",H5/G5) | J5: =IF(OR(A5="",B5=0),"",SUMIF(Журнал!$A$5:$A$124,A5,Журнал!$H$5:$H$124)) | K5: =IF(OR(A5="",B5=0),"",SUMIF(Журнал!$A$5:$A$124,A5,Журнал!$I$5:$I$124)) | L5: =IF(OR(A5="",B5=0),"",SUMIF(Журнал!$A$5:$A$124,A5,Журнал!$J$5:$J$124)) | M5: =IF(OR(A5="",B5=0),"",SUMIF(Журнал!$A$5:$A$124,A5,Журнал!$K$5:$K$124)) | N5: =IF(OR(A5="",L5="",L5=0),"",M5/L5)
A6: =IF(Списки!A3="","",Списки!A3) | B6: =IF(OR(A6="",COUNTIF(Журнал!$A$5:$A$124,A6)=0),"",COUNTIF(Журнал!$A$5:$A$124,A6)) | C6: =IF(OR(A6="",B6=0),"",SUMIF(Журнал!$A$5:$A$124,A6,Журнал!$C$5:$C$124)) | D6: =IF(OR(A6="",B6=0),"",SUMIF(Журнал!$A$5:$A$124,A6,Журнал!$D$5:$D$124)) | E6: =IF(OR(A6="",C6="",C6=0),"",D6/C6) | F6: =IF(OR(A6="",B6=0),"",SUMIF(Журнал!$A$5:$A$124,A6,Журнал!$E$5:$E$124)) | G6: =IF(OR(A6="",B6=0),"",SUMIF(Журнал!$A$5:$A$124,A6,Журнал!$F$5:$F$124)) | H6: =IF(OR(A6="",B6=0),"",SUMIF(Журнал!$A$5:$A$124,A6,Журнал!$G$5:$G$124)) | I6: =IF(OR(A6="",G6="",G6=0),"",H6/G6) | J6: =IF(OR(A6="",B6=0),"",SUMIF(Журнал!$A$5:$A$124,A6,Журнал!$H$5:$H$124)) | K6: =IF(OR(A6="",B6=0),"",SUMIF(Журнал!$A$5:$A$124,A6,Журнал!$I$5:$I$124)) | L6: =IF(OR(A6="",B6=0),"",SUMIF(Журнал!$A$5:$A$124,A6,Журнал!$J$5:$J$124)) | M6: =IF(OR(A6="",B6=0),"",SUMIF(Журнал!$A$5:$A$124,A6,Журнал!$K$5:$K$124)) | N6: =IF(OR(A6="",L6="",L6=0),"",M6/L6)
A7: Итого по журналу | B7: =IF(COUNTA(Журнал!$A$5:$A$124)=0,"",COUNTA(Журнал!$A$5:$A$124)) | C7: =IF(B7="","",SUM(Журнал!$C$5:$C$124)) | D7: =IF(B7="","",SUM(Журнал!$D$5:$D$124)) | E7: =IF(OR(B7="",C7="",C7=0),"",D7/C7) | F7: =IF(B7="","",SUM(Журнал!$E$5:$E$124)) | G7: =IF(B7="","",SUM(Журнал!$F$5:$F$124)) | H7: =IF(B7="","",SUM(Журнал!$G$5:$G$124)) | I7: =IF(OR(B7="",G7="",G7=0),"",H7/G7) | J7: =IF(B7="","",SUM(Журнал!$H$5:$H$124)) | K7: =IF(B7="","",SUM(Журнал!$I$5:$I$124)) | L7: =IF(B7="","",SUM(Журнал!$J$5:$J$124)) | M7: =IF(B7="","",SUM(Журнал!$K$5:$K$124)) | N7: =IF(OR(B7="",L7="",L7=0),"",M7/L7)
A9: =IF(COUNTA(Журнал!$A$5:$A$124)=COUNTIF(Журнал!$A$5:$A$124,A5)+COUNTIF(Журнал!$A$5:$A$124,A6),"","В журнале есть записи с фамилией не из строк выше. Строка «Итого по журналу» их включает, а строки менеджеров — нет.")

Sheet Списки
A1: Фамилия | C1: Кого можно выбрать в журнале
A2: Гурков | C2: В колонке «Менеджер» на листе «Журнал» открывается этот список. Сейчас в нём две фамилии: Гурков и Юнусова. Чтобы добавить человека, впишите фамилию в первую пустую жёлтую ячейку столбца A. Пустую строку между фамилиями оставлять не нужно — иначе новая фамилия не попадёт в список. Итоги по Гуркову и Юнусовой считаются на листе «Итоги». Строка «Итого по журналу» включает все записи.
A3: Юнусова
