Workbook

Sheet Инструкция
A1: Эксперимент: учёт времени по ролям
A2: Должность: Тимлид группы продуктового запуска
A3: Период: вторник 6 — среда 7 — четверг 8 октября
A5: Зачем этот эксперимент
A6: Проверить гипотезу о том, какие роли реально живут внутри должности тимлида. Итог — не чтобы уличить или наказать, а чтобы понять, какие процессы кто реально делает. Важны честность и открытость.
A8: Как заполнять
A9: 1. Открой лист «Роли» — ознакомься с описаниями (это гипотеза, можно ошибаться). 2. Каждый день (листы «6 окт», «7 окт», «8 окт») отмечай часы по ролям. 3. В один момент можно быть в нескольких ролях — пиши часы в обе/несколько. 4. Если роли не было — оставь 0 или пусто. Если роль избыточна — отметь в комментарии. 5. Колонку «Наблюдения» заполняй по желанию: что заметила, что удивило, чего не хватило. 6. Лист «Итог» соберёт сумму автоматически — туда можно добавить общие выводы.
A11: Правила честности
A12: • Фиксируй то, что реально делала, а не то, что «должна была». • Если день ушёл в операционку вне ролей — есть строка «Другое / вне ролей». • Часы могут суммарно быть больше длины дня — если роли пересекались. • Можно править список задач и формулировки ролей под себя.
A14: Что уже заполнено
A15: В каждом дне — примеры типичных задач тимлида продуктового запуска по ролям. Это черновик: поправь процессы и формулировки под свою реальность.

Sheet Роли
A1: Каталог ролей (гипотеза — можно ошибаться и править)
A2: № | B2: Роль | C2: Цвета / энергия | D2: Предназначение (кратко) | E2: Типичные задачи тимлида продуктового запуска
A3: 1 | B3: Зажигающий рост | C3: Зелёный + оранжевый | D3: Видит в сотруднике потенциал, которого тот ещё не видит сам, и зажигает желание вырасти. Грейд — ориентир, к которому помогает дойти. | E3: • Дать менеджеру провести демо/переговоры самому, оставаясь рядом • Разобрать с сотрудником путь к следующему грейду на живых сделках • Предложить взять более сложного клиента / продукт (КС, Доки, Smartway) • Создать ситуацию роста, не дожидаясь просьбы о развитии
A4: 2 | B4: Архитектор плана | C4: Жёлтый + оранжевый | D4: Считает план сверху (рост, рынок), идёт в поле к смежникам, декомпозирует до продукта и до конкретного менеджера. Объясняет «почему столько». | E4: • Собрать план группы на месяц/квартал из требований к росту • Согласовать ожидания со смежниками (ЦКС, внедрение, маркетинг) • Разложить план по менеджерам с учётом грейда и потенциала • Объяснить команде логику цифр, а не «спустить сверху»
A5: 3 | B5: Ловец отклонений | C5: Оранжевый + жёлтый | D5: Ловит отклонения плана от факта рано. Плюс — разобрать и системно закрепить; минус — поправить курс, не паниковать. | E5: • Ежедневный/еженедельный срез факт vs план по группе и по людям • Разобрать неожиданный плюс: что сработало, как повторить • Ранняя коррекция при просадке по продукту или менеджеру • Не ждать конца месяца, чтобы «узнать» результат
A6: 4 | B6: Дающий обратную связь | C6: Зелёный + оранжевый | D6: Обратная связь в моменте после конкретной ситуации: честно и бережно, чтобы человек стал сильнее к следующему разу. | E6: • Разбор звонка/встречи сразу после (что услышал, где поспешил) • Фидбек по ведению CRM и качеству сделки • Честный разговор не «молодец/не молодец», а по делу • Сделать ОС нормой, а не разовым событием
A7: 5 | B7: Защищающий команду | C7: Зелёный + жёлтый | D7: Трудности команды доходят наверх как аргументированный запрос. Молчание выносливости — путь к выгоранию, не стойкость. | E7: • Сформулировать наверх: план нереалистичен — вот почему и что нужно • Защитить команду от срыва из‑за блокеров смежников • Не дать нагрузке сломать людей молча • Идти с позицией (проблема + причины + решение), не с жалобой
A8: 6 | B8: Наставник | C8: Оранжевый + зелёный | D8: Системно передаёт навыки продаж: звонки, переговоры, возражения, CRM, разбор сделок. Учит продавать (не продукт — это Фокус компетенции). | E8: • Провести новичка: послушай звонок → вместе встреча → разбор возражения • Тренировка скриптов по продуктам запуска (КС, ЭПД/Доки, Smartway) • Разбор сделок до закрытия первой своими руками • Чек-лист навыков, а не «разберись сам»
A9: 7 | B9: Сопровождающий первые шаги | C9: Фиолетовый + зелёный | D9: Провожатый: чтобы новичок за первые недели стал «своим». Знакомит, объясняет неписаные правила, подстраховывает. | E9: • Первые дни: познакомить с командой и смежниками • Объяснить неписаные правила группы и как «у нас принято» • Быть на связи, когда новичку по-настоящему сложно • Подстраховать до формального онбординга и после
A10: 8 | B10: Двигатель экспериментов | C10: Оранжевый | D10: Инициирует и доводит до результата небольшие эксперименты. Эксперимент — обычное дело, не событие. | E10: • Новый скрипт / канал / формат планёрки — запуск и замер • Пилот по новому продукту или сегменту клиентов • A/B подхода к демо или КП • Зафиксировать вывод: оставляем / правим / закрываем
A11: 9 | B11: Решатель инцидентов | C11: Оранжевый + красный | D11: Точечная проблема не превращается в срыв сделки. Схватить в моменте, потушить, вернуть процесс в норму. | E11: • Сорвалась сделка на финале — разобрать и вернуть • Клиент угрожает уходом / ждёт ответа — эскалация сейчас • Смежники заблокировали согласование — разрулить • Команда знает: если загорелось — есть к кому
A12: 10 | B12: Мобилизатор | C12: Красный + оранжевый | D12: В провале плана / горящем квартале собирает команду в кулак: что, до когда, кто. Чётко включает и выключает режим. | E12: • Обозначить цель мобилизации, срок и зоны ответственности • Временно централизовать решения на горящем отрезке • Фокус команды на одной цели (не «все в выходные») • Явно выключить режим, когда цель достигнута
A13: 11 | B13: Переводчик процессов в человеческий | C13: Зелёный + жёлтый | D13: Регламент → понятный язык. Не упрощает содержание — упрощает язык. Процесс для людей, не люди для процесса. | E13: • Переложить регламент после демо / передачи во внедрение на «что делать если…» • Памятки для менеджеров простым языком • Объяснить новый процесс на планёрке без канцелярита • Сделать так, чтобы правило реально применялось
A14: 12 | B14: Открывающий сердца клиентов | C14: Зелёный (+ общее) | D14: Общая роль: клиент чувствует — здесь понимают, здесь рады, здесь он важен. Не просто продают. | E14: • Личное участие в сложных/ключевых встречах с клиентом • Задать тон заботы в коммуникации группы • Вернуть фокус команды на ценность для клиента, не только на цифру • Разобрать кейс, где клиент «закрылся» из‑за ощущения давления

Sheet 6 окт (вт)
A1: Учёт ролей — Вторник, 6 октября
A2: Заполни колонку «Часы». В один момент можно несколько ролей. Наблюдения — по желанию. Примеры задач — черновик, поправь под себя.
A3: ФИО / должность: | B3: Тимлид группы продуктового запуска | D3: Рабочий день (часов): | E3: 8
A5: № | B5: Роль | C5: Пример задачи (поправь) | D5: Часы | E5: % от дня | F5: Наблюдения / комментарии
A6: 1 | B6: Зажигающий рост | C6: Согласовала с менеджером взять сложного клиента самостоятельно; обсудили следующий шаг по грейду | E6: =IF($E$3=0,"",IF(D6="","",D6/$E$3))
A7: 2 | B7: Архитектор плана | C7: Сверила план группы с фактом; разложила ожидания по менеджерам на неделю | E7: =IF($E$3=0,"",IF(D7="","",D7/$E$3))
A8: 3 | B8: Ловец отклонений | C8: Посмотрела отклонения по продуктам / людям; скорректировала фокус на сегодня | E8: =IF($E$3=0,"",IF(D8="","",D8/$E$3))
A9: 4 | B9: Дающий обратную связь | C9: Разобрала конкретный звонок/встречу с менеджером сразу после | E9: =IF($E$3=0,"",IF(D9="","",D9/$E$3))
A10: 5 | B10: Защищающий команду | C10: Вынесла наверх блокер / нереалистичное ожидание с аргументами | E10: =IF($E$3=0,"",IF(D10="","",D10/$E$3))
A11: 6 | B11: Наставник | C11: Обучение навыку: скрипт, возражение, CRM, разбор сделки | E11: =IF($E$3=0,"",IF(D11="","",D11/$E$3))
A12: 7 | B12: Сопровождающий первые шаги | C12: Помощь новичку: знакомство, неписаные правила, подстраховка | E12: =IF($E$3=0,"",IF(D12="","",D12/$E$3))
A13: 8 | B13: Двигатель экспериментов | C13: Запуск или разбор маленького эксперимента (скрипт/канал/формат) | E13: =IF($E$3=0,"",IF(D13="","",D13/$E$3))
A14: 9 | B14: Решатель инцидентов | C14: Горящий клиент / сделка / блокер смежников — разрулила в моменте | E14: =IF($E$3=0,"",IF(D14="","",D14/$E$3))
A15: 10 | B15: Мобилизатор | C15: Сбор команды на горящую цель: кто/что/срок (или выключение режима) | E15: =IF($E$3=0,"",IF(D15="","",D15/$E$3))
A16: 11 | B16: Переводчик процессов в человеческий | C16: Перевела регламент/правило в понятную памятку или объяснение | E16: =IF($E$3=0,"",IF(D16="","",D16/$E$3))
A17: 12 | B17: Открывающий сердца клиентов | C17: Участие во встрече / тон коммуникации / кейс с заботой о клиенте | E17: =IF($E$3=0,"",IF(D17="","",D17/$E$3))
A18: — | B18: Другое / вне ролей | C18: Операционка, почта, совещания без явной роли, админ и т.п. — опиши в наблюдениях | E18: =IF($E$3=0,"",IF(D18="","",D18/$E$3))
B20: ИТОГО часов (с учётом пересечений ролей) | D20: =SUM(D6:D18) | E20: =IF($E$3=0,"",D20/$E$3)
B21: Подсказка: итог может быть > длины дня, если роли пересекались — это нормально для эксперимента.
A23: Общие наблюдения за день (свободная форма)
A24: Что сегодня зажигало / забирало энергию?
A25: Каких ролей не хватило? Какие показались избыточными?
A26: Где несколько ролей наложились друг на друга?
A27: Что удивило в распределении времени?

Sheet 7 окт (ср)
A1: Учёт ролей — Среда, 7 октября
A2: Заполни колонку «Часы». В один момент можно несколько ролей. Наблюдения — по желанию. Примеры задач — черновик, поправь под себя.
A3: ФИО / должность: | B3: Тимлид группы продуктового запуска | D3: Рабочий день (часов): | E3: 8
A5: № | B5: Роль | C5: Пример задачи (поправь) | D5: Часы | E5: % от дня | F5: Наблюдения / комментарии
A6: 1 | B6: Зажигающий рост | C6: Согласовала с менеджером взять сложного клиента самостоятельно; обсудили следующий шаг по грейду | E6: =IF($E$3=0,"",IF(D6="","",D6/$E$3))
A7: 2 | B7: Архитектор плана | C7: Сверила план группы с фактом; разложила ожидания по менеджерам на неделю | E7: =IF($E$3=0,"",IF(D7="","",D7/$E$3))
A8: 3 | B8: Ловец отклонений | C8: Посмотрела отклонения по продуктам / людям; скорректировала фокус на сегодня | E8: =IF($E$3=0,"",IF(D8="","",D8/$E$3))
A9: 4 | B9: Дающий обратную связь | C9: Разобрала конкретный звонок/встречу с менеджером сразу после | E9: =IF($E$3=0,"",IF(D9="","",D9/$E$3))
A10: 5 | B10: Защищающий команду | C10: Вынесла наверх блокер / нереалистичное ожидание с аргументами | E10: =IF($E$3=0,"",IF(D10="","",D10/$E$3))
A11: 6 | B11: Наставник | C11: Обучение навыку: скрипт, возражение, CRM, разбор сделки | E11: =IF($E$3=0,"",IF(D11="","",D11/$E$3))
A12: 7 | B12: Сопровождающий первые шаги | C12: Помощь новичку: знакомство, неписаные правила, подстраховка | E12: =IF($E$3=0,"",IF(D12="","",D12/$E$3))
A13: 8 | B13: Двигатель экспериментов | C13: Запуск или разбор маленького эксперимента (скрипт/канал/формат) | E13: =IF($E$3=0,"",IF(D13="","",D13/$E$3))
A14: 9 | B14: Решатель инцидентов | C14: Горящий клиент / сделка / блокер смежников — разрулила в моменте | E14: =IF($E$3=0,"",IF(D14="","",D14/$E$3))
A15: 10 | B15: Мобилизатор | C15: Сбор команды на горящую цель: кто/что/срок (или выключение режима) | E15: =IF($E$3=0,"",IF(D15="","",D15/$E$3))
A16: 11 | B16: Переводчик процессов в человеческий | C16: Перевела регламент/правило в понятную памятку или объяснение | E16: =IF($E$3=0,"",IF(D16="","",D16/$E$3))
A17: 12 | B17: Открывающий сердца клиентов | C17: Участие во встрече / тон коммуникации / кейс с заботой о клиенте | E17: =IF($E$3=0,"",IF(D17="","",D17/$E$3))
A18: — | B18: Другое / вне ролей | C18: Операционка, почта, совещания без явной роли, админ и т.п. — опиши в наблюдениях | E18: =IF($E$3=0,"",IF(D18="","",D18/$E$3))
B20: ИТОГО часов (с учётом пересечений ролей) | D20: =SUM(D6:D18) | E20: =IF($E$3=0,"",D20/$E$3)
B21: Подсказка: итог может быть > длины дня, если роли пересекались — это нормально для эксперимента.
A23: Общие наблюдения за день (свободная форма)
A24: Что сегодня зажигало / забирало энергию?
A25: Каких ролей не хватило? Какие показались избыточными?
A26: Где несколько ролей наложились друг на друга?
A27: Что удивило в распределении времени?

Sheet 8 окт (чт)
A1: Учёт ролей — Четверг, 8 октября
A2: Заполни колонку «Часы». В один момент можно несколько ролей. Наблюдения — по желанию. Примеры задач — черновик, поправь под себя.
A3: ФИО / должность: | B3: Тимлид группы продуктового запуска | D3: Рабочий день (часов): | E3: 8
A5: № | B5: Роль | C5: Пример задачи (поправь) | D5: Часы | E5: % от дня | F5: Наблюдения / комментарии
A6: 1 | B6: Зажигающий рост | C6: Согласовала с менеджером взять сложного клиента самостоятельно; обсудили следующий шаг по грейду | E6: =IF($E$3=0,"",IF(D6="","",D6/$E$3))
A7: 2 | B7: Архитектор плана | C7: Сверила план группы с фактом; разложила ожидания по менеджерам на неделю | E7: =IF($E$3=0,"",IF(D7="","",D7/$E$3))
A8: 3 | B8: Ловец отклонений | C8: Посмотрела отклонения по продуктам / людям; скорректировала фокус на сегодня | E8: =IF($E$3=0,"",IF(D8="","",D8/$E$3))
A9: 4 | B9: Дающий обратную связь | C9: Разобрала конкретный звонок/встречу с менеджером сразу после | E9: =IF($E$3=0,"",IF(D9="","",D9/$E$3))
A10: 5 | B10: Защищающий команду | C10: Вынесла наверх блокер / нереалистичное ожидание с аргументами | E10: =IF($E$3=0,"",IF(D10="","",D10/$E$3))
A11: 6 | B11: Наставник | C11: Обучение навыку: скрипт, возражение, CRM, разбор сделки | E11: =IF($E$3=0,"",IF(D11="","",D11/$E$3))
A12: 7 | B12: Сопровождающий первые шаги | C12: Помощь новичку: знакомство, неписаные правила, подстраховка | E12: =IF($E$3=0,"",IF(D12="","",D12/$E$3))
A13: 8 | B13: Двигатель экспериментов | C13: Запуск или разбор маленького эксперимента (скрипт/канал/формат) | E13: =IF($E$3=0,"",IF(D13="","",D13/$E$3))
A14: 9 | B14: Решатель инцидентов | C14: Горящий клиент / сделка / блокер смежников — разрулила в моменте | E14: =IF($E$3=0,"",IF(D14="","",D14/$E$3))
A15: 10 | B15: Мобилизатор | C15: Сбор команды на горящую цель: кто/что/срок (или выключение режима) | E15: =IF($E$3=0,"",IF(D15="","",D15/$E$3))
A16: 11 | B16: Переводчик процессов в человеческий | C16: Перевела регламент/правило в понятную памятку или объяснение | E16: =IF($E$3=0,"",IF(D16="","",D16/$E$3))
A17: 12 | B17: Открывающий сердца клиентов | C17: Участие во встрече / тон коммуникации / кейс с заботой о клиенте | E17: =IF($E$3=0,"",IF(D17="","",D17/$E$3))
A18: — | B18: Другое / вне ролей | C18: Операционка, почта, совещания без явной роли, админ и т.п. — опиши в наблюдениях | E18: =IF($E$3=0,"",IF(D18="","",D18/$E$3))
B20: ИТОГО часов (с учётом пересечений ролей) | D20: =SUM(D6:D18) | E20: =IF($E$3=0,"",D20/$E$3)
B21: Подсказка: итог может быть > длины дня, если роли пересекались — это нормально для эксперимента.
A23: Общие наблюдения за день (свободная форма)
A24: Что сегодня зажигало / забирало энергию?
A25: Каких ролей не хватило? Какие показались избыточными?
A26: Где несколько ролей наложились друг на друга?
A27: Что удивило в распределении времени?

Sheet Итог 3 дня
A1: Сводка по ролям за 3 дня
A2: Часы подтягиваются автоматически с дневных листов. Добавь выводы внизу.
A4: № | B4: Роль | C4: 6 окт (вт) | D4: 7 окт (ср) | E4: 8 окт (чт) | F4: Всего часов | G4: Доля от суммы
A5: 1 | B5: Зажигающий рост | C5: ='6 окт (вт)'!D6 | D5: ='7 окт (ср)'!D6 | E5: ='8 окт (чт)'!D6 | F5: =SUM(C5:E5) | G5: =IF($F$18=0,"",F5/$F$18)
A6: 2 | B6: Архитектор плана | C6: ='6 окт (вт)'!D7 | D6: ='7 окт (ср)'!D7 | E6: ='8 окт (чт)'!D7 | F6: =SUM(C6:E6) | G6: =IF($F$18=0,"",F6/$F$18)
A7: 3 | B7: Ловец отклонений | C7: ='6 окт (вт)'!D8 | D7: ='7 окт (ср)'!D8 | E7: ='8 окт (чт)'!D8 | F7: =SUM(C7:E7) | G7: =IF($F$18=0,"",F7/$F$18)
A8: 4 | B8: Дающий обратную связь | C8: ='6 окт (вт)'!D9 | D8: ='7 окт (ср)'!D9 | E8: ='8 окт (чт)'!D9 | F8: =SUM(C8:E8) | G8: =IF($F$18=0,"",F8/$F$18)
A9: 5 | B9: Защищающий команду | C9: ='6 окт (вт)'!D10 | D9: ='7 окт (ср)'!D10 | E9: ='8 окт (чт)'!D10 | F9: =SUM(C9:E9) | G9: =IF($F$18=0,"",F9/$F$18)
A10: 6 | B10: Наставник | C10: ='6 окт (вт)'!D11 | D10: ='7 окт (ср)'!D11 | E10: ='8 окт (чт)'!D11 | F10: =SUM(C10:E10) | G10: =IF($F$18=0,"",F10/$F$18)
A11: 7 | B11: Сопровождающий первые шаги | C11: ='6 окт (вт)'!D12 | D11: ='7 окт (ср)'!D12 | E11: ='8 окт (чт)'!D12 | F11: =SUM(C11:E11) | G11: =IF($F$18=0,"",F11/$F$18)
A12: 8 | B12: Двигатель экспериментов | C12: ='6 окт (вт)'!D13 | D12: ='7 окт (ср)'!D13 | E12: ='8 окт (чт)'!D13 | F12: =SUM(C12:E12) | G12: =IF($F$18=0,"",F12/$F$18)
A13: 9 | B13: Решатель инцидентов | C13: ='6 окт (вт)'!D14 | D13: ='7 окт (ср)'!D14 | E13: ='8 окт (чт)'!D14 | F13: =SUM(C13:E13) | G13: =IF($F$18=0,"",F13/$F$18)
A14: 10 | B14: Мобилизатор | C14: ='6 окт (вт)'!D15 | D14: ='7 окт (ср)'!D15 | E14: ='8 окт (чт)'!D15 | F14: =SUM(C14:E14) | G14: =IF($F$18=0,"",F14/$F$18)
A15: 11 | B15: Переводчик процессов в человеческий | C15: ='6 окт (вт)'!D16 | D15: ='7 окт (ср)'!D16 | E15: ='8 окт (чт)'!D16 | F15: =SUM(C15:E15) | G15: =IF($F$18=0,"",F15/$F$18)
A16: 12 | B16: Открывающий сердца клиентов | C16: ='6 окт (вт)'!D17 | D16: ='7 окт (ср)'!D17 | E16: ='8 окт (чт)'!D17 | F16: =SUM(C16:E16) | G16: =IF($F$18=0,"",F16/$F$18)
A17: — | B17: Другое / вне ролей | C17: ='6 окт (вт)'!D18 | D17: ='7 окт (ср)'!D18 | E17: ='8 окт (чт)'!D18 | F17: =SUM(C17:E17) | G17: =IF($F$18=0,"",F17/$F$18)
B18: ИТОГО | C18: =SUM(C5:C17) | D18: =SUM(D5:D17) | E18: =SUM(E5:E17) | F18: =SUM(F5:F17)
A38: Выводы эксперимента (свободная форма)
A39: Какие роли реально «живут» в должности?
A41: Каких ролей не хватает / почти нет?
A43: Какие роли избыточны или пересекаются?
A45: Что это меняет в понимании процессов группы?
A47: Что хочется оставить / изменить / отдать?

Sheet Дневник (опционально)
A1: Дневник по слотам (если удобнее фиксировать в течение дня, а потом перенести часы на дневные листы)
A2: Необязательный лист. Можно коротко писать: время → что делала → какая роль(и).
A4: Дата | B4: Время (с–по) | C4: Что делала | D4: Роль 1 | E4: Роль 2 (если пересечение) | F4: Заметка
A5: 6 окт | B5: 09:00–09:30 | C5: Планёрка группы: сверка факта с планом | D5: Ловец отклонений | E5: Архитектор плана
A6: 6 окт | B6: 10:00–11:00 | C6: Разбор звонка с менеджером после демо | D6: Дающий обратную связь | E6: Зажигающий рост
A7: 6 окт | B7: 14:00–14:40 | C7: Клиент на финале «отваливается» — эскалация | D7: Решатель инцидентов | E7: Открывающий сердца клиентов
A8: ↑ примеры (серым) — удали или перепиши. Ниже — твои записи:
