Workbook

Sheet ЭПД Сентябрь
A1: Период | B1: План продаж (шт.) | C1: План выручки | D1: Факт продаж (шт.) | E1: Факт выручка (руб.) | F1: Выполнение плана продаж (%) | G1: Выполнение плана выручки(%) | H1: Примечание
A2: 01.09-04.09 | B2: 2 | C2: 10000 | D2: =SUMIFS($G$11:$G$45,$A$11:$A$45,">="&DATE(2026,9,1),$A$11:$A$45,"<="&DATE(2026,9,4)) | E2: =SUMIFS($H$11:$H$45,$A$11:$A$45,">="&DATE(2026,9,1),$A$11:$A$45,"<="&DATE(2026,9,4)) | F2: =IF(B2=0,"",D2/B2) | G2: =IF(C2=0,"",E2/C2)
A3: 07.09-11.09 | B3: 6 | C3: 30000 | D3: =SUMIFS($G$11:$G$45,$A$11:$A$45,">="&DATE(2026,9,7),$A$11:$A$45,"<="&DATE(2026,9,11)) | E3: =SUMIFS($H$11:$H$45,$A$11:$A$45,">="&DATE(2026,9,7),$A$11:$A$45,"<="&DATE(2026,9,11)) | F3: =IF(B3=0,"",D3/B3) | G3: =IF(C3=0,"",E3/C3)
A4: 14.09-18.09 | B4: 6 | C4: 30000 | D4: =SUMIFS($G$11:$G$45,$A$11:$A$45,">="&DATE(2026,9,14),$A$11:$A$45,"<="&DATE(2026,9,18)) | E4: =SUMIFS($H$11:$H$45,$A$11:$A$45,">="&DATE(2026,9,14),$A$11:$A$45,"<="&DATE(2026,9,18)) | F4: =IF(B4=0,"",D4/B4) | G4: =IF(C4=0,"",E4/C4)
A5: 21.09-25.09 | B5: 6 | C5: 30000 | D5: =SUMIFS($G$11:$G$45,$A$11:$A$45,">="&DATE(2026,9,21),$A$11:$A$45,"<="&DATE(2026,9,25)) | E5: =SUMIFS($H$11:$H$45,$A$11:$A$45,">="&DATE(2026,9,21),$A$11:$A$45,"<="&DATE(2026,9,25)) | F5: =IF(B5=0,"",D5/B5) | G5: =IF(C5=0,"",E5/C5)
A6: 28.09-02.10 | B6: 6 | C6: 30000 | D6: =SUMIFS($G$11:$G$45,$A$11:$A$45,">="&DATE(2026,9,28),$A$11:$A$45,"<="&DATE(2026,10,2)) | E6: =SUMIFS($H$11:$H$45,$A$11:$A$45,">="&DATE(2026,9,28),$A$11:$A$45,"<="&DATE(2026,10,2)) | F6: =IF(B6=0,"",D6/B6) | G6: =IF(C6=0,"",E6/C6)
A7: ИТОГ: 01.09-02.10 | B7: =SUM(B2:B6) | C7: =SUM(C2:C6) | D7: =SUM(D2:D6) | E7: =SUM(E2:E6) | F7: =IF(B7=0,"",D7/B7) | G7: =IF(C7=0,"",E7/C7)
A10: Дата | B10: Менеджер | C10: Канал лида | D10: Кол-во обработанных лидов | E10: Создана сделка в б24 | F10: Из них отправлено кп | G10: Пришла оплата | H10: Сумма сделки (руб.) | J10: ← базу выбирайте из списка (лист «Справочник»)
A11: 46269 | B11: Юлиана | C11: Входящий | D11: 1 | G11: 1 | H11: 1400
A12: 46272 | B12: Юлиана | C12: Анкеты | D12: 5
A13: 46272 | B13: Юлиана | C13: Передали | D13: 1
A14: 46273 | B14: Юлиана | C14: Входящий | D14: 1
A15: 46273 | B15: Юлиана | C15: Генераторы трафика | D15: 1
A16: 46274 | B16: Юлиана | C16: Входящий | D16: 1 | H16: час оплатили
A17: 46274 | B17: Юлиана | C17: база ПР | D17: 5 | E17: 1
A18: 46275 | B18: Юлиана | C18: база ПР | D18: 17
A19: 46275 | B19: Юлиана | C19: Входящий | D19: 1
A20: 46275 | B20: Юлиана | C20: Инста | D20: 1
A21: 46276 | B21: Юлиана | C21: база ПР | D21: 14
A22: 46279 | B22: Юлиана | C22: анкеты лекторий (старые) | D22: 10 | E22: 0
A23: 46279 | B23: Юлиана | C23: анкеты лекторий (новые) | D23: 2
A24: 46280
A25: 46280
A47: Канал | B47: Всего лидов | C47: Квалифицировано | D47: Конверсия лид→квал (%) | E47: Отправлено КП | F47: Конверсия квал→КП (%) | G47: Заключено сделок | H47: Конверсия КП→сделка (%)
A48: =IF(Справочник!A2="","",Справочник!A2) | B48: =IF(A48="","",SUMIF($C$11:$C$45,A48,$D$11:$D$45)) | C48: =IF(A48="","",SUMIF($C$11:$C$45,A48,$E$11:$E$45)) | D48: =IF(OR(A48="",B48=0),"",C48/B48) | E48: =IF(A48="","",SUMIF($C$11:$C$45,A48,$F$11:$F$45)) | F48: =IF(OR(A48="",C48=0),"",E48/C48) | G48: =IF(A48="","",SUMIF($C$11:$C$45,A48,$G$11:$G$45)) | H48: =IF(OR(A48="",E48=0),"",G48/E48)
A49: =IF(Справочник!A3="","",Справочник!A3) | B49: =IF(A49="","",SUMIF($C$11:$C$45,A49,$D$11:$D$45)) | C49: =IF(A49="","",SUMIF($C$11:$C$45,A49,$E$11:$E$45)) | D49: =IF(OR(A49="",B49=0),"",C49/B49) | E49: =IF(A49="","",SUMIF($C$11:$C$45,A49,$F$11:$F$45)) | F49: =IF(OR(A49="",C49=0),"",E49/C49) | G49: =IF(A49="","",SUMIF($C$11:$C$45,A49,$G$11:$G$45)) | H49: =IF(OR(A49="",E49=0),"",G49/E49)
A50: =IF(Справочник!A4="","",Справочник!A4) | B50: =IF(A50="","",SUMIF($C$11:$C$45,A50,$D$11:$D$45)) | C50: =IF(A50="","",SUMIF($C$11:$C$45,A50,$E$11:$E$45)) | D50: =IF(OR(A50="",B50=0),"",C50/B50) | E50: =IF(A50="","",SUMIF($C$11:$C$45,A50,$F$11:$F$45)) | F50: =IF(OR(A50="",C50=0),"",E50/C50) | G50: =IF(A50="","",SUMIF($C$11:$C$45,A50,$G$11:$G$45)) | H50: =IF(OR(A50="",E50=0),"",G50/E50)
A51: =IF(Справочник!A5="","",Справочник!A5) | B51: =IF(A51="","",SUMIF($C$11:$C$45,A51,$D$11:$D$45)) | C51: =IF(A51="","",SUMIF($C$11:$C$45,A51,$E$11:$E$45)) | D51: =IF(OR(A51="",B51=0),"",C51/B51) | E51: =IF(A51="","",SUMIF($C$11:$C$45,A51,$F$11:$F$45)) | F51: =IF(OR(A51="",C51=0),"",E51/C51) | G51: =IF(A51="","",SUMIF($C$11:$C$45,A51,$G$11:$G$45)) | H51: =IF(OR(A51="",E51=0),"",G51/E51)
A52: =IF(Справочник!A6="","",Справочник!A6) | B52: =IF(A52="","",SUMIF($C$11:$C$45,A52,$D$11:$D$45)) | C52: =IF(A52="","",SUMIF($C$11:$C$45,A52,$E$11:$E$45)) | D52: =IF(OR(A52="",B52=0),"",C52/B52) | E52: =IF(A52="","",SUMIF($C$11:$C$45,A52,$F$11:$F$45)) | F52: =IF(OR(A52="",C52=0),"",E52/C52) | G52: =IF(A52="","",SUMIF($C$11:$C$45,A52,$G$11:$G$45)) | H52: =IF(OR(A52="",E52=0),"",G52/E52)
A53: =IF(Справочник!A7="","",Справочник!A7) | B53: =IF(A53="","",SUMIF($C$11:$C$45,A53,$D$11:$D$45)) | C53: =IF(A53="","",SUMIF($C$11:$C$45,A53,$E$11:$E$45)) | D53: =IF(OR(A53="",B53=0),"",C53/B53) | E53: =IF(A53="","",SUMIF($C$11:$C$45,A53,$F$11:$F$45)) | F53: =IF(OR(A53="",C53=0),"",E53/C53) | G53: =IF(A53="","",SUMIF($C$11:$C$45,A53,$G$11:$G$45)) | H53: =IF(OR(A53="",E53=0),"",G53/E53)
A54: =IF(Справочник!A8="","",Справочник!A8) | B54: =IF(A54="","",SUMIF($C$11:$C$45,A54,$D$11:$D$45)) | C54: =IF(A54="","",SUMIF($C$11:$C$45,A54,$E$11:$E$45)) | D54: =IF(OR(A54="",B54=0),"",C54/B54) | E54: =IF(A54="","",SUMIF($C$11:$C$45,A54,$F$11:$F$45)) | F54: =IF(OR(A54="",C54=0),"",E54/C54) | G54: =IF(A54="","",SUMIF($C$11:$C$45,A54,$G$11:$G$45)) | H54: =IF(OR(A54="",E54=0),"",G54/E54)
A55: =IF(Справочник!A9="","",Справочник!A9) | B55: =IF(A55="","",SUMIF($C$11:$C$45,A55,$D$11:$D$45)) | C55: =IF(A55="","",SUMIF($C$11:$C$45,A55,$E$11:$E$45)) | D55: =IF(OR(A55="",B55=0),"",C55/B55) | E55: =IF(A55="","",SUMIF($C$11:$C$45,A55,$F$11:$F$45)) | F55: =IF(OR(A55="",C55=0),"",E55/C55) | G55: =IF(A55="","",SUMIF($C$11:$C$45,A55,$G$11:$G$45)) | H55: =IF(OR(A55="",E55=0),"",G55/E55)
A56: ИТОГО: | B56: =SUM(B48:B55) | C56: =SUM(C48:C55) | D56: =IF(B56=0,"",C56/B56) | E56: =SUM(E48:E55) | F56: =IF(C56=0,"",E56/C56) | G56: =SUM(G48:G55) | H56: =IF(E56=0,"",G56/E56)
A58: Менеджер | B58: План на период (шт.) | C58: Факт сделок (шт.) | D58: Факт выручка (руб.) | E58: Выполнение плана (%) | F58: Конверсия лид→сделка (по его обработанным лидам)
A59: Юлиана | B59: 25 | C59: =SUMIF($B$11:$B$45,A59,$G$11:$G$45) | D59: =SUMIFS($H$11:$H$45,$B$11:$B$45,A59) | E59: =IF(B59=0,"",C59/B59) | F59: =IF(SUMIF($B$11:$B$45,A59,$D$11:$D$45)=0,"",C59/SUMIF($B$11:$B$45,A59,$D$11:$D$45))
I150: Итоговая конверсия лид→сделка (%) | J150: =IF(B56=0,"",G56/B56)

Sheet Справочник
A1: База / канал (список для выбора) | C1: Как пользоваться
A2: Входящий | C2: 1. Добавляйте новые базы в столбец A ниже существующих (без пустых дыр).
A3: Анкеты | C3: 2. В журнале (столбец «Канал лида») база выбирается из этого списка.
A4: Передали | C4: 3. Таблица ниже журнала подтягивает базы из этого списка и считает цифры формулами.
A5: Генераторы трафика | C5: 4. Не переименовывайте базы «на лету» в журнале — иначе разъедется сводка; меняйте название здесь.
A6: база ПР
A7: Инста
A8: анкеты лекторий (старые)
A9: анкеты лекторий (новые)
